,SFH,MFH,TH,AB
1900,0.1262920866115101,0.2016566326056958,0.6692453825478234,0.002805898234970755
1931,0.15269481689572498,0.08456115080292353,0.75701081180579,0.005733220495561423
1954,0.16767812991683526,0.13373791863340076,0.680152843335581,0.018431108114182963
1972,0.2600819495363382,0.20530515419452233,0.49406944144921283,0.040543454819926675
1985,0.39673273403985976,0.23741893731981178,0.3594905477936148,0.006357780846713692
1997,0.4103566543643834,0.204394206186591,0.3742870885667497,0.01096205088227586
2008,0.2511737089201878,0.3474178403755869,0.3438967136150235,0.057511737089201875
1600,0.2,0.4,0.4,0.0
