,SFH,MFH,TH,AB
1900,0.12629208661151006,0.2016566326056958,0.6692453825478233,0.002805898234970755
1931,0.152694816895725,0.08456115080292355,0.75701081180579,0.005733220495561424
1954,0.16767812991683526,0.13373791863340076,0.6801528433355811,0.018431108114182963
1972,0.2600819495363382,0.2053051541945223,0.4940694414492128,0.04054345481992668
1985,0.3967327340398597,0.23741893731981176,0.3594905477936148,0.006357780846713692
1997,0.4103566543643834,0.20439420618659096,0.37428708856674964,0.010962050882275857
2008,0.2511737089201878,0.3474178403755869,0.34389671361502344,0.05751173708920188
